,i,positives,response_code,scans.AegisLab.version,scans.Babable.version,scans.CAT-QuickHeal.version,scans.Comodo.version,scans.CrowdStrike.version,scans.ESET-NOD32.version,scans.Paloalto.version,scans.SymantecMobileInsight.version,scans.Trustlook.result,scans.Trustlook.version,scans.WhiteArmor.version,scans.ZoneAlarm.version,scans.Zoner.version,total
count,4540.0,3779.0,4540.0,3769.0,2555.0,3779.0,3662.0,910.0,3779.0,851.0,2.0,0.0,1786.0,3.0,2745.0,3753.0,3779.0
mean,1452953.2268722467,31.246890711828527,0.8319383259911894,3.6426638365614217,9107201.0,13.990473670283144,28600.176679410157,1.0,17258.347446414395,1.0,2.0,,1.0005599104143337,9006272.0,1.0,1.0,60.291346917173854
std,805012.0723231253,15.71507699762415,0.3757254692897844,1.0929322806249673,0.0,0.13772046873764004,3300.310106554113,0.0,2944.747461258498,0.0,0.0,,0.02366242621401505,0.0,0.0,0.0,5.012431001340092
min,229628.0,0.0,-2.0,1.5,9107201.0,12.0,17346.0,1.0,9104.0,1.0,2.0,,1.0,9006272.0,1.0,1.0,48.0
25%,689459.0,20.0,1.0,4.2,9107201.0,14.0,24974.5,1.0,13729.5,1.0,2.0,,1.0,9006272.0,1.0,1.0,57.0
50%,1165236.5,34.0,1.0,4.2,9107201.0,14.0,30581.0,1.0,19004.0,1.0,2.0,,1.0,9006272.0,1.0,1.0,60.0
75%,2460540.5,43.5,1.0,4.2,9107201.0,14.0,30789.0,1.0,19269.0,1.0,2.0,,1.0,9006272.0,1.0,1.0,62.0
max,2551810.0,66.0,1.0,4.2,9107201.0,14.0,30862.0,1.0,19351.0,1.0,2.0,,2.0,9006272.0,1.0,1.0,73.0
