,asn,description
count,17868.0,0.0
mean,40675.47386389075,
std,53473.22646450303,
min,174.0,
25%,13335.0,
50%,26496.0,
75%,46606.0,
max,396257.0,
