,asn,description
count,9295.0,0.0
mean,40543.89564281872,
std,52833.59586494887,
min,174.0,
25%,13335.0,
50%,26496.0,
75%,46606.0,
max,396257.0,
